x;y;z;heading;pitch;bank;left;right;bottom;top;tanLeft;tanRight;tanBottom;tanTop;width;height
0.00000000;0.00000000;0.00000000;-123.00000277;48.00000404;0.00000012;58.99200058;58.99200058;11.60799980;55.33599854;1.66375339;1.66375339;0.20541602;1.44612372;0.00000000;1.24070764
