x;y;z;heading;pitch;bank;left;right;bottom;top;tanLeft;tanRight;tanBottom;tanTop;width;height
0.00000000;0.00000000;0.00000000;45.00000374;0.00000000;-0.00000000;58.86500168;58.86500168;-7.70100021;70.23799896;1.65543187;1.65543187;-0.13522308;2.78339720;0.00000000;2.91862035
