x;y;z;heading;pitch;bank;left;right;bottom;top;tanLeft;tanRight;tanBottom;tanTop;width;height
0.00000000;0.00000000;0.00000000;134.99999942;0.00000000;-0.00000000;55.81999969;55.81999969;-7.69999981;74.09999847;1.47256064;1.47256064;-0.13520531;3.51052690;0.00000000;3.64573216
