x;y;z;heading;pitch;bank;left;right;bottom;top;tanLeft;tanRight;tanBottom;tanTop;width;height
0.00000000;0.00000000;0.00000000;-123.00000210;49.50000421;0.00000151;57.04999924;57.04999924;6.50000000;65.30999756;1.54281080;1.54281080;0.11393560;2.17515540;0.00000000;2.06121969
